,variable,unit
0,Customer relation,0.4790602047442446
1,Income,90613.04040109937
2,Primary customer,3.5637666120256815
3,New customer index,0.01714859689236885
4,Age,9.024335457441252
