,variable,unit
0,Age,9.142162118912873
1,Sex,0.49768310938511673
